,,,,,,
,,,,,,
,Image_number,Hair_colour,Eye_colour,Gender,Hair_length,Model_used
,img_001,Black,Black,Female,Long,MajicMix Realistic v7
,img_002,Black,Black,Female,Long,MajicMix Realistic v7
,img_003,Black,Black,Female,Long,MajicMix Realistic v7
,img_004,Black,Black,Female,Long,MajicMix Realistic v7
,img_005,Black,Black,Female,Long,MajicMix Realistic v7
,img_006,Black,Black,Female,Long,MajicMix Realistic v7
,img_007,Black,Black,Female,Long,MajicMix Realistic v7
,img_008,Black,Black,Female,Long,MajicMix Realistic v7
,img_009,Black,Black,Female,Long,MajicMix Realistic v7
,img_010,Black,Black,Female,Long,MajicMix Realistic v7
,img_011,Black,Black,Female,Long,MajicMix Realistic v7
,img_012,Black,Black,Female,Long,MajicMix Realistic v7
,img_013,Black,Black,Female,Long,MajicMix Realistic v7
,img_014,Black,Black,Female,Long,MajicMix Realistic v7
,img_015,Black,Black,Female,Long,MajicMix Realistic v7
,img_016,Black,Black,Female,Long,MajicMix Realistic v7
,img_017,Black,Black,Female,Long,MajicMix Realistic v7
,img_018,Black,Black,Female,Long,MajicMix Realistic v7
,img_019,Black,Black,Female,Long,MajicMix Realistic v7
,img_020,Black,Black,Female,Long,MajicMix Realistic v7
,img_021,Black,Black,Female,Long,MajicMix Realistic v7
,img_022,Black,Black,Female,Long,MajicMix Realistic v7
,img_023,Black,Black,Female,Long,MajicMix Realistic v7
,img_024,Black,Black,Female,Long,MajicMix Realistic v7
,img_025,Black,Black,Female,Long,MajicMix Realistic v7
,img_026,Black,Black,Female,Long,MajicMix Realistic v7
,img_027,Black,Black,Female,Long,MajicMix Realistic v7
,img_028,Black,Black,Female,Short,MajicMix Realistic v7
,img_029,Black,Black,Female,Long,MajicMix Realistic v7
,img_030,Black,Black,Female,Long,MajicMix Realistic v7
,img_031,Black,Black,Female,Long,MajicMix Realistic v7
,img_032,Black,Black,Female,Long,MajicMix Realistic v7
,img_033,Black,Black,Female,Long,MajicMix Realistic v7
,img_034,Black,Black,Female,Long,MajicMix Realistic v7
,img_035,Black,Black,Female,Long,MajicMix Realistic v7
,img_036,Black,Black,Female,Long,MajicMix Realistic v7
,img_037,Black,Black,Female,Long,MajicMix Realistic v7
,img_038,Black,Black,Female,Long,MajicMix Realistic v7
,img_039,Black,Black,Female,Long,MajicMix Realistic v7
,img_040,Black,Black,Female,Long,MajicMix Realistic v7
,img_041,Black,Black,Female,Long,MajicMix Realistic v7
,img_042,Black,Black,Female,Long,MajicMix Realistic v7
,img_043,Black,Black,Female,Long,MajicMix Realistic v7
,img_044,Black,Black,Female,Long,MajicMix Realistic v7
,img_045,Black,Black,Female,Long,MajicMix Realistic v7
,img_046,Black,Black,Female,Long,MajicMix Realistic v7
,img_047,Black,Black,Female,Long,MajicMix Realistic v7
,img_048,Black,Black,Female,Long,MajicMix Realistic v7
,img_049,Black,Black,Female,Long,MajicMix Realistic v7
,img_050,Black,Black,Female,Long,MajicMix Realistic v7
,img_051,Black,Black,Female,Long,MajicMix Realistic v7
,img_052,Black,Black,Female,Long,MajicMix Realistic v7
,img_053,Black,Black,Female,Long,MajicMix Realistic v7
,img_054,Black,Black,Female,Long,MajicMix Realistic v7
,img_055,Black,Black,Female,Long,MajicMix Realistic v7
,img_056,Black,Black,Female,Long,MajicMix Realistic v7
,img_057,Black,Black,Female,Long,MajicMix Realistic v7
,img_058,Black,Black,Female,Long,MajicMix Realistic v7
,img_059,Black,Black,Female,Long,MajicMix Realistic v7
,img_060,Black,Black,Female,Long,MajicMix Realistic v7
,img_061,Black,Black,Female,Long,MajicMix Realistic v7
,img_062,Black,Black,Female,Long,MajicMix Realistic v7
,img_063,Black,Black,Female,Long,MajicMix Realistic v7
,img_064,Black,Black,Female,Long,MajicMix Realistic v7
,img_065,Black,Black,Female,Long,MajicMix Realistic v7
,img_066,Black,Black,Female,Long,MajicMix Realistic v7
,img_067,Black,Black,Female,Long,MajicMix Realistic v7
,img_068,Black,Black,Female,Long,MajicMix Realistic v7
,img_069,Black,Black,Female,Long,MajicMix Realistic v7
,img_070,Black,Black,Female,Long,MajicMix Realistic v7
,img_071,Black,Black,Female,Long,MajicMix Realistic v7
,img_072,Black,Black,Female,Long,MajicMix Realistic v7
,img_073,Black,Black,Female,Long,MajicMix Realistic v7
,img_074,Black,Black,Female,Long,MajicMix Realistic v7
,img_075,Black,Black,Female,Long,MajicMix Realistic v7
,img_076,Black,Black,Female,Long,MajicMix Realistic v7
,img_077,Black,Black,Female,Long,MajicMix Realistic v7
,img_078,Black,Black,Female,Long,MajicMix Realistic v7
,img_079,Black,Black,Female,Long,MajicMix Realistic v7
,img_080,Black,Black,Female,Long,MajicMix Realistic v7
,img_081,Black,Black,Female,Long,MajicMix Realistic v7
,img_082,Black,Black,Female,Long,MajicMix Realistic v7
,img_083,Black,Black,Female,Long,MajicMix Realistic v7
,img_084,Black,Black,Female,Long,MajicMix Realistic v7
,img_085,Black,Black,Female,Long,MajicMix Realistic v7
,img_086,Black,Black,Female,Long,MajicMix Realistic v7
,img_087,Black,Black,Female,Long,MajicMix Realistic v7
,img_088,Black,Black,Female,Long,MajicMix Realistic v7
,img_089,Black,Black,Female,Long,MajicMix Realistic v7
,img_090,Black,Black,Female,Long,MajicMix Realistic v7
,img_091,Black,Black,Female,Long,MajicMix Realistic v7
,img_092,Black,Black,Female,Long,MajicMix Realistic v7
,img_093,Black,Black,Female,Long,MajicMix Realistic v7
,img_094,Black,Black,Female,Long,MajicMix Realistic v7
,img_095,Black,Black,Female,Long,MajicMix Realistic v7
,img_096,Black,Black,Female,Short,MajicMix Realistic v7
,img_097,Black,Black,Female,Long,MajicMix Realistic v7
,img_098,Black,Black,Female,Long,MajicMix Realistic v7
,img_099,Black,Black,Female,Long,MajicMix Realistic v7